<?xml version="1.0" encoding="UTF-8"?>
<GenRun Id="fifo_tx_synth_1" LaunchPart="xc7z020clg400-1" LaunchTime="1719305425">
  <File Type="PA-TCL" Name="fifo_tx.tcl"/>
  <File Type="RDS-PROPCONSTRS" Name="fifo_tx_drc_synth.rpt"/>
  <File Type="REPORTS-TCL" Name="fifo_tx_reports.tcl"/>
  <File Type="RDS-RDS" Name="fifo_tx.vds"/>
  <File Type="RDS-UTIL" Name="fifo_tx_utilization_synth.rpt"/>
  <File Type="RDS-UTIL-PB" Name="fifo_tx_utilization_synth.pb"/>
  <File Type="RDS-DCP" Name="fifo_tx.dcp"/>
  <File Type="VDS-TIMINGSUMMARY" Name="fifo_tx_timing_summary_synth.rpt"/>
  <File Type="VDS-TIMING-PB" Name="fifo_tx_timing_summary_synth.pb"/>
  <FileSet Name="sources" Type="BlockSrcs" RelSrcDir="$PSRCDIR/fifo_tx">
    <File Path="$PSRCDIR/sources_1/ip/fifo_tx/fifo_tx.xci">
      <FileInfo>
        <Attr Name="ImportPath" Val="$PPRDIR/../../ad1030_udp_ddr3/ad1030_udp_ddr3.srcs/sources_1/ip/fifo_tx/fifo_tx.xci"/>
        <Attr Name="ImportTime" Val="1679284216"/>
        <Attr Name="UsedIn" Val="synthesis"/>
        <Attr Name="UsedIn" Val="implementation"/>
        <Attr Name="UsedIn" Val="simulation"/>
      </FileInfo>
    </File>
    <Config>
      <Option Name="TopModule" Val="fifo_tx"/>
      <Option Name="UseBlackboxStub" Val="1"/>
    </Config>
  </FileSet>
  <FileSet Name="constrs_in" Type="BlockSrcs" RelSrcDir="$PSRCDIR/fifo_tx">
    <File Path="$PSRCDIR/sources_1/ip/fifo_tx/fifo_tx.xci">
      <FileInfo>
        <Attr Name="ImportPath" Val="$PPRDIR/../../ad1030_udp_ddr3/ad1030_udp_ddr3.srcs/sources_1/ip/fifo_tx/fifo_tx.xci"/>
        <Attr Name="ImportTime" Val="1679284216"/>
        <Attr Name="UsedIn" Val="synthesis"/>
        <Attr Name="UsedIn" Val="implementation"/>
        <Attr Name="UsedIn" Val="simulation"/>
      </FileInfo>
    </File>
    <Config>
      <Option Name="TopModule" Val="fifo_tx"/>
      <Option Name="UseBlackboxStub" Val="1"/>
    </Config>
  </FileSet>
  <FileSet Name="utils" Type="Utils" RelSrcDir="$PSRCDIR/utils_1">
    <Filter Type="Utils"/>
    <Config>
      <Option Name="TopAutoSet" Val="TRUE"/>
    </Config>
  </FileSet>
  <Strategy Version="1" Minor="2">
    <StratHandle Name="Vivado Synthesis Defaults" Flow="Vivado Synthesis 2018"/>
    <Step Id="synth_design"/>
  </Strategy>
</GenRun>
