<?xml version="1.0" encoding="UTF-8"?>
<GenRun Id="mmcm_synth_1" LaunchPart="xc7z020clg400-1" LaunchTime="1719305426">
  <File Type="PA-TCL" Name="mmcm.tcl"/>
  <File Type="RDS-PROPCONSTRS" Name="mmcm_drc_synth.rpt"/>
  <File Type="REPORTS-TCL" Name="mmcm_reports.tcl"/>
  <File Type="RDS-RDS" Name="mmcm.vds"/>
  <File Type="RDS-UTIL" Name="mmcm_utilization_synth.rpt"/>
  <File Type="RDS-UTIL-PB" Name="mmcm_utilization_synth.pb"/>
  <File Type="RDS-DCP" Name="mmcm.dcp"/>
  <File Type="VDS-TIMINGSUMMARY" Name="mmcm_timing_summary_synth.rpt"/>
  <File Type="VDS-TIMING-PB" Name="mmcm_timing_summary_synth.pb"/>
  <FileSet Name="sources" Type="BlockSrcs" RelSrcDir="$PSRCDIR/mmcm">
    <File Path="$PSRCDIR/sources_1/ip/mmcm/mmcm.xci">
      <FileInfo>
        <Attr Name="ImportPath" Val="$PPRDIR/../../ad1030_udp_ddr3/ad1030_udp_ddr3.srcs/sources_1/ip/mmcm/mmcm.xci"/>
        <Attr Name="ImportTime" Val="1679282725"/>
        <Attr Name="UsedIn" Val="synthesis"/>
        <Attr Name="UsedIn" Val="implementation"/>
        <Attr Name="UsedIn" Val="simulation"/>
      </FileInfo>
    </File>
    <Config>
      <Option Name="TopModule" Val="mmcm"/>
      <Option Name="UseBlackboxStub" Val="1"/>
    </Config>
  </FileSet>
  <FileSet Name="constrs_in" Type="BlockSrcs" RelSrcDir="$PSRCDIR/mmcm">
    <File Path="$PSRCDIR/sources_1/ip/mmcm/mmcm.xci">
      <FileInfo>
        <Attr Name="ImportPath" Val="$PPRDIR/../../ad1030_udp_ddr3/ad1030_udp_ddr3.srcs/sources_1/ip/mmcm/mmcm.xci"/>
        <Attr Name="ImportTime" Val="1679282725"/>
        <Attr Name="UsedIn" Val="synthesis"/>
        <Attr Name="UsedIn" Val="implementation"/>
        <Attr Name="UsedIn" Val="simulation"/>
      </FileInfo>
    </File>
    <Config>
      <Option Name="TopModule" Val="mmcm"/>
      <Option Name="UseBlackboxStub" Val="1"/>
    </Config>
  </FileSet>
  <FileSet Name="utils" Type="Utils" RelSrcDir="$PSRCDIR/utils_1">
    <Filter Type="Utils"/>
    <Config>
      <Option Name="TopAutoSet" Val="TRUE"/>
    </Config>
  </FileSet>
  <Strategy Version="1" Minor="2">
    <StratHandle Name="Vivado Synthesis Defaults" Flow="Vivado Synthesis 2018"/>
    <Step Id="synth_design"/>
  </Strategy>
</GenRun>
