<?xml version="1.0"?>
<Runs Version="1" Minor="0">
	<Run Id="system_processing_system7_0_0_synth_1" LaunchDir="D:/DeskTop/ad7606_udp_ddr3/ad7606_udp_ddr3.runs/system_processing_system7_0_0_synth_1" FlowId="Vivado_Synthesis" FromStepId="vivado" ToStepId="vivado"/>
	<Run Id="system_smartconnect_0_0_synth_1" LaunchDir="D:/DeskTop/ad7606_udp_ddr3/ad7606_udp_ddr3.runs/system_smartconnect_0_0_synth_1" FlowId="Vivado_Synthesis" FromStepId="vivado" ToStepId="vivado"/>
	<Run Id="fifo_rx_synth_1" LaunchDir="D:/DeskTop/ad7606_udp_ddr3/ad7606_udp_ddr3.runs/fifo_rx_synth_1" FlowId="Vivado_Synthesis" FromStepId="vivado" ToStepId="vivado"/>
	<Run Id="fifo_tx_synth_1" LaunchDir="D:/DeskTop/ad7606_udp_ddr3/ad7606_udp_ddr3.runs/fifo_tx_synth_1" FlowId="Vivado_Synthesis" FromStepId="vivado" ToStepId="vivado"/>
	<Run Id="pll_synth_1" LaunchDir="D:/DeskTop/ad7606_udp_ddr3/ad7606_udp_ddr3.runs/pll_synth_1" FlowId="Vivado_Synthesis" FromStepId="vivado" ToStepId="vivado"/>
	<Run Id="rd_ddr3_fifo_synth_1" LaunchDir="D:/DeskTop/ad7606_udp_ddr3/ad7606_udp_ddr3.runs/rd_ddr3_fifo_synth_1" FlowId="Vivado_Synthesis" FromStepId="vivado" ToStepId="vivado"/>
	<Run Id="mmcm_synth_1" LaunchDir="D:/DeskTop/ad7606_udp_ddr3/ad7606_udp_ddr3.runs/mmcm_synth_1" FlowId="Vivado_Synthesis" FromStepId="vivado" ToStepId="vivado"/>
	<Run Id="wr_ddr3_fifo_synth_1" LaunchDir="D:/DeskTop/ad7606_udp_ddr3/ad7606_udp_ddr3.runs/wr_ddr3_fifo_synth_1" FlowId="Vivado_Synthesis" FromStepId="vivado" ToStepId="vivado"/>
	<Run Id="synth_1" LaunchDir="D:/DeskTop/ad7606_udp_ddr3/ad7606_udp_ddr3.runs/synth_1" FlowId="Vivado_Synthesis" FromStepId="vivado" ToStepId="vivado">
		<Parent Id="system_processing_system7_0_0_synth_1"/>
		<Parent Id="system_smartconnect_0_0_synth_1"/>
		<Parent Id="fifo_rx_synth_1"/>
		<Parent Id="fifo_tx_synth_1"/>
		<Parent Id="pll_synth_1"/>
		<Parent Id="rd_ddr3_fifo_synth_1"/>
		<Parent Id="mmcm_synth_1"/>
		<Parent Id="wr_ddr3_fifo_synth_1"/>
	</Run>
	<Run Id="impl_1" LaunchDir="D:/DeskTop/ad7606_udp_ddr3/ad7606_udp_ddr3.runs/impl_1" FlowId="Vivado_Implementation" FromStepId="init_design" ToStepId="write_bitstream">
		<Parent Id="synth_1"/>
		<Parent Id="system_processing_system7_0_0_synth_1"/>
		<Parent Id="system_smartconnect_0_0_synth_1"/>
		<Parent Id="fifo_rx_synth_1"/>
		<Parent Id="fifo_tx_synth_1"/>
		<Parent Id="pll_synth_1"/>
		<Parent Id="rd_ddr3_fifo_synth_1"/>
		<Parent Id="mmcm_synth_1"/>
		<Parent Id="wr_ddr3_fifo_synth_1"/>
	</Run>
	<Parameters>
		<Parameter Name="runs.monitorLSFJobs" Val="true" Type="bool"/>
	</Parameters>
</Runs>

