<?xml version="1.0" encoding="UTF-8"?>
<GenRun Id="synth_1" LaunchPart="xc7z020clg400-1" LaunchTime="1719305516">
  <File Type="PA-TCL" Name="ad7606_udp_ddr3.tcl"/>
  <File Type="RDS-PROPCONSTRS" Name="ad7606_udp_ddr3_drc_synth.rpt"/>
  <File Type="REPORTS-TCL" Name="ad7606_udp_ddr3_reports.tcl"/>
  <File Type="RDS-RDS" Name="ad7606_udp_ddr3.vds"/>
  <File Type="RDS-UTIL" Name="ad7606_udp_ddr3_utilization_synth.rpt"/>
  <File Type="RDS-UTIL-PB" Name="ad7606_udp_ddr3_utilization_synth.pb"/>
  <File Type="RDS-DCP" Name="ad7606_udp_ddr3.dcp"/>
  <File Type="VDS-TIMINGSUMMARY" Name="ad7606_udp_ddr3_timing_summary_synth.rpt"/>
  <File Type="VDS-TIMING-PB" Name="ad7606_udp_ddr3_timing_summary_synth.pb"/>
  <FileSet Name="sources" Type="DesignSrcs" RelSrcDir="$PSRCDIR/sources_1">
    <Filter Type="Srcs"/>
    <File Path="$PSRCDIR/sources_1/bd/system/system.bd">
      <FileInfo>
        <Attr Name="ImportPath" Val="G:/01_acz702_ov5640_hp_ddr3_tft800x480_Z020/01_acz702_ov5640_hp_ddr3_tft800x480_Z020/ov5640_hp_ddr3_tft800x480.srcs/sources_1/bd/system/system.bd"/>
        <Attr Name="ImportTime" Val="1637741612"/>
        <Attr Name="UsedIn" Val="synthesis"/>
        <Attr Name="UsedIn" Val="implementation"/>
        <Attr Name="UsedIn" Val="simulation"/>
      </FileInfo>
    </File>
    <File Path="$PSRCDIR/sources_1/fifo_axi4_adapter/fifo_axi4_adapter.v">
      <FileInfo>
        <Attr Name="ImportPath" Val="G:/01_acz702_ov5640_hp_ddr3_tft800x480_Z020/01_acz702_ov5640_hp_ddr3_tft800x480_Z020/ov5640_hp_ddr3_tft800x480.srcs/sources_1/fifo_axi4_adapter/fifo_axi4_adapter.v"/>
        <Attr Name="ImportTime" Val="1632573590"/>
        <Attr Name="UsedIn" Val="synthesis"/>
        <Attr Name="UsedIn" Val="implementation"/>
        <Attr Name="UsedIn" Val="simulation"/>
      </FileInfo>
    </File>
    <File Path="$PSRCDIR/sources_1/gmii_rgmii_gmii/gmii_to_rgmii.v">
      <FileInfo>
        <Attr Name="ImportPath" Val="$PPRDIR/../../ad1030_udp_ddr3/ad1030_udp_ddr3.srcs/sources_1/gmii_rgmii_gmii/gmii_to_rgmii.v"/>
        <Attr Name="ImportTime" Val="1641782719"/>
        <Attr Name="UsedIn" Val="synthesis"/>
        <Attr Name="UsedIn" Val="implementation"/>
        <Attr Name="UsedIn" Val="simulation"/>
      </FileInfo>
    </File>
    <File Path="$PSRCDIR/sources_1/gmii_rgmii_gmii/rgmii_to_gmii.v">
      <FileInfo>
        <Attr Name="ImportPath" Val="$PPRDIR/../../ad1030_udp_ddr3/ad1030_udp_ddr3.srcs/sources_1/gmii_rgmii_gmii/rgmii_to_gmii.v"/>
        <Attr Name="ImportTime" Val="1641782343"/>
        <Attr Name="UsedIn" Val="synthesis"/>
        <Attr Name="UsedIn" Val="implementation"/>
        <Attr Name="UsedIn" Val="simulation"/>
      </FileInfo>
    </File>
    <File Path="$PSRCDIR/sources_1/bd/system/hdl/system_wrapper.v">
      <FileInfo>
        <Attr Name="ImportPath" Val="G:/01_acz702_ov5640_hp_ddr3_tft800x480_Z020/01_acz702_ov5640_hp_ddr3_tft800x480_Z020/ov5640_hp_ddr3_tft800x480.srcs/sources_1/bd/system/hdl/system_wrapper.v"/>
        <Attr Name="ImportTime" Val="1670998143"/>
        <Attr Name="UsedIn" Val="synthesis"/>
        <Attr Name="UsedIn" Val="implementation"/>
        <Attr Name="UsedIn" Val="simulation"/>
      </FileInfo>
    </File>
    <File Path="$PSRCDIR/sources_1/eth_receive_cmd/crc32_d8.v">
      <FileInfo>
        <Attr Name="ImportPath" Val="$PPRDIR/../../ad1030_udp_ddr3/ad1030_udp_ddr3.srcs/sources_1/eth_receive_cmd/crc32_d8.v"/>
        <Attr Name="ImportTime" Val="1672308085"/>
        <Attr Name="UsedIn" Val="synthesis"/>
        <Attr Name="UsedIn" Val="implementation"/>
        <Attr Name="UsedIn" Val="simulation"/>
      </FileInfo>
    </File>
    <File Path="$PSRCDIR/sources_1/eth_receive_cmd/eth_cmd.v">
      <FileInfo>
        <Attr Name="ImportPath" Val="$PPRDIR/../../ad1030_udp_ddr3/ad1030_udp_ddr3.srcs/sources_1/eth_receive_cmd/eth_cmd.v"/>
        <Attr Name="ImportTime" Val="1679388570"/>
        <Attr Name="UsedIn" Val="synthesis"/>
        <Attr Name="UsedIn" Val="implementation"/>
        <Attr Name="UsedIn" Val="simulation"/>
      </FileInfo>
    </File>
    <File Path="$PSRCDIR/sources_1/eth_receive_cmd/ip_checksum.v">
      <FileInfo>
        <Attr Name="ImportPath" Val="$PPRDIR/../../ad1030_udp_ddr3/ad1030_udp_ddr3.srcs/sources_1/eth_receive_cmd/ip_checksum.v"/>
        <Attr Name="ImportTime" Val="1672308078"/>
        <Attr Name="UsedIn" Val="synthesis"/>
        <Attr Name="UsedIn" Val="implementation"/>
        <Attr Name="UsedIn" Val="simulation"/>
      </FileInfo>
    </File>
    <File Path="$PSRCDIR/sources_1/eth_receive_cmd/cmd_rx.v">
      <FileInfo>
        <Attr Name="ImportPath" Val="$PPRDIR/../../ad1030_udp_ddr3/ad1030_udp_ddr3.srcs/sources_1/eth_receive_cmd/cmd_rx.v"/>
        <Attr Name="ImportTime" Val="1645422553"/>
        <Attr Name="UsedIn" Val="synthesis"/>
        <Attr Name="UsedIn" Val="implementation"/>
        <Attr Name="UsedIn" Val="simulation"/>
      </FileInfo>
    </File>
    <File Path="$PSRCDIR/sources_1/eth_receive_cmd/eth_udp_rx_gmii.v">
      <FileInfo>
        <Attr Name="ImportPath" Val="$PPRDIR/../../ad1030_udp_ddr3/ad1030_udp_ddr3.srcs/sources_1/eth_receive_cmd/eth_udp_rx_gmii.v"/>
        <Attr Name="ImportTime" Val="1672307952"/>
        <Attr Name="UsedIn" Val="synthesis"/>
        <Attr Name="UsedIn" Val="implementation"/>
        <Attr Name="UsedIn" Val="simulation"/>
      </FileInfo>
    </File>
    <File Path="$PSRCDIR/sources_1/eth_receive_cmd/eth_receive_cmd.v">
      <FileInfo>
        <Attr Name="ImportPath" Val="$PPRDIR/../../ad1030_udp_ddr3/ad1030_udp_ddr3.srcs/sources_1/eth_receive_cmd/eth_receive_cmd.v"/>
        <Attr Name="ImportTime" Val="1679556210"/>
        <Attr Name="UsedIn" Val="synthesis"/>
        <Attr Name="UsedIn" Val="implementation"/>
        <Attr Name="UsedIn" Val="simulation"/>
      </FileInfo>
    </File>
    <File Path="$PSRCDIR/sources_1/eth_send_data/eth_send_ctrl.v">
      <FileInfo>
        <Attr Name="ImportPath" Val="$PPRDIR/../../ad1030_udp_ddr3/ad1030_udp_ddr3.srcs/sources_1/eth_send_data/eth_send_ctrl.v"/>
        <Attr Name="ImportTime" Val="1679292027"/>
        <Attr Name="UsedIn" Val="synthesis"/>
        <Attr Name="UsedIn" Val="implementation"/>
        <Attr Name="UsedIn" Val="simulation"/>
      </FileInfo>
    </File>
    <File Path="$PSRCDIR/sources_1/state_ctrl/state_ctrl.v">
      <FileInfo>
        <Attr Name="ImportPath" Val="$PPRDIR/../../ad1030_udp_ddr3/ad1030_udp_ddr3.srcs/sources_1/state_ctrl/state_ctrl.v"/>
        <Attr Name="ImportTime" Val="1679464801"/>
        <Attr Name="UsedIn" Val="synthesis"/>
        <Attr Name="UsedIn" Val="implementation"/>
        <Attr Name="UsedIn" Val="simulation"/>
      </FileInfo>
    </File>
    <File Path="$PSRCDIR/sources_1/eth_send_data/eth_udp_tx_gmii.v">
      <FileInfo>
        <Attr Name="ImportPath" Val="$PPRDIR/../../ad1030_udp_ddr3/ad1030_udp_ddr3.srcs/sources_1/eth_send_data/eth_udp_tx_gmii.v"/>
        <Attr Name="ImportTime" Val="1672307964"/>
        <Attr Name="UsedIn" Val="synthesis"/>
        <Attr Name="UsedIn" Val="implementation"/>
        <Attr Name="UsedIn" Val="simulation"/>
      </FileInfo>
    </File>
    <File Path="$PSRCDIR/sources_1/eth_send_data/eth_send_data.v">
      <FileInfo>
        <Attr Name="ImportPath" Val="$PPRDIR/../../ad1030_udp_ddr3/ad1030_udp_ddr3.srcs/sources_1/eth_send_data/eth_send_data.v"/>
        <Attr Name="ImportTime" Val="1679556456"/>
        <Attr Name="UsedIn" Val="synthesis"/>
        <Attr Name="UsedIn" Val="implementation"/>
        <Attr Name="UsedIn" Val="simulation"/>
      </FileInfo>
    </File>
    <File Path="$PSRCDIR/sources_1/top/ad7606_udp_ddr3.v">
      <FileInfo>
        <Attr Name="UsedIn" Val="synthesis"/>
        <Attr Name="UsedIn" Val="implementation"/>
        <Attr Name="UsedIn" Val="simulation"/>
      </FileInfo>
    </File>
    <File Path="$PSRCDIR/sources_1/ad7606_ctrl/ad7606_driver.v">
      <FileInfo>
        <Attr Name="UsedIn" Val="synthesis"/>
        <Attr Name="UsedIn" Val="implementation"/>
        <Attr Name="UsedIn" Val="simulation"/>
      </FileInfo>
    </File>
    <File Path="$PSRCDIR/sources_1/fifo_axi4_adapter/axi4_to_fifo.v">
      <FileInfo>
        <Attr Name="UsedIn" Val="synthesis"/>
        <Attr Name="UsedIn" Val="implementation"/>
        <Attr Name="UsedIn" Val="simulation"/>
      </FileInfo>
    </File>
    <File Path="$PSRCDIR/sources_1/fifo_axi4_adapter/fifo_to_axi4.v">
      <FileInfo>
        <Attr Name="UsedIn" Val="synthesis"/>
        <Attr Name="UsedIn" Val="implementation"/>
        <Attr Name="UsedIn" Val="simulation"/>
      </FileInfo>
    </File>
    <Config>
      <Option Name="DesignMode" Val="RTL"/>
      <Option Name="TopModule" Val="ad7606_udp_ddr3"/>
    </Config>
  </FileSet>
  <FileSet Name="constrs_in" Type="Constrs" RelSrcDir="$PSRCDIR/constrs_1">
    <Filter Type="Constrs"/>
    <File Path="$PSRCDIR/constrs_1/new/ad7606_eth.xdc">
      <FileInfo>
        <Attr Name="UsedIn" Val="synthesis"/>
        <Attr Name="UsedIn" Val="implementation"/>
      </FileInfo>
    </File>
    <Config>
      <Option Name="ConstrsType" Val="XDC"/>
    </Config>
  </FileSet>
  <FileSet Name="utils" Type="Utils" RelSrcDir="$PSRCDIR/utils_1">
    <Filter Type="Utils"/>
    <Config>
      <Option Name="TopAutoSet" Val="TRUE"/>
    </Config>
  </FileSet>
  <Strategy Version="1" Minor="2">
    <StratHandle Name="Vivado Synthesis Defaults" Flow="Vivado Synthesis 2018"/>
    <Step Id="synth_design"/>
  </Strategy>
  <BlockFileSet Type="BlockSrcs" Name="wr_ddr3_fifo"/>
  <BlockFileSet Type="BlockSrcs" Name="system_processing_system7_0_0"/>
  <BlockFileSet Type="BlockSrcs" Name="system_smartconnect_0_0"/>
  <BlockFileSet Type="BlockSrcs" Name="fifo_rx"/>
  <BlockFileSet Type="BlockSrcs" Name="fifo_tx"/>
  <BlockFileSet Type="BlockSrcs" Name="pll"/>
  <BlockFileSet Type="BlockSrcs" Name="rd_ddr3_fifo"/>
  <BlockFileSet Type="BlockSrcs" Name="mmcm"/>
</GenRun>
