<?xml version="1.0" encoding="UTF-8"?>
<GenRun Id="pll_synth_1" LaunchPart="xc7z020clg400-1" LaunchTime="1719305426">
  <File Type="PA-TCL" Name="pll.tcl"/>
  <File Type="RDS-PROPCONSTRS" Name="pll_drc_synth.rpt"/>
  <File Type="REPORTS-TCL" Name="pll_reports.tcl"/>
  <File Type="RDS-RDS" Name="pll.vds"/>
  <File Type="RDS-UTIL" Name="pll_utilization_synth.rpt"/>
  <File Type="RDS-UTIL-PB" Name="pll_utilization_synth.pb"/>
  <File Type="RDS-DCP" Name="pll.dcp"/>
  <File Type="VDS-TIMINGSUMMARY" Name="pll_timing_summary_synth.rpt"/>
  <File Type="VDS-TIMING-PB" Name="pll_timing_summary_synth.pb"/>
  <FileSet Name="sources" Type="BlockSrcs" RelSrcDir="$PSRCDIR/pll">
    <File Path="$PSRCDIR/sources_1/ip/pll/pll.xci">
      <FileInfo>
        <Attr Name="ImportPath" Val="G:/01_acz702_ov5640_hp_ddr3_tft800x480_Z020/01_acz702_ov5640_hp_ddr3_tft800x480_Z020/ov5640_hp_ddr3_tft800x480.srcs/sources_1/ip/pll/pll.xci"/>
        <Attr Name="ImportTime" Val="1637741572"/>
        <Attr Name="UsedIn" Val="synthesis"/>
        <Attr Name="UsedIn" Val="implementation"/>
        <Attr Name="UsedIn" Val="simulation"/>
      </FileInfo>
    </File>
    <Config>
      <Option Name="TopModule" Val="pll"/>
      <Option Name="UseBlackboxStub" Val="1"/>
    </Config>
  </FileSet>
  <FileSet Name="constrs_in" Type="BlockSrcs" RelSrcDir="$PSRCDIR/pll">
    <File Path="$PSRCDIR/sources_1/ip/pll/pll.xci">
      <FileInfo>
        <Attr Name="ImportPath" Val="G:/01_acz702_ov5640_hp_ddr3_tft800x480_Z020/01_acz702_ov5640_hp_ddr3_tft800x480_Z020/ov5640_hp_ddr3_tft800x480.srcs/sources_1/ip/pll/pll.xci"/>
        <Attr Name="ImportTime" Val="1637741572"/>
        <Attr Name="UsedIn" Val="synthesis"/>
        <Attr Name="UsedIn" Val="implementation"/>
        <Attr Name="UsedIn" Val="simulation"/>
      </FileInfo>
    </File>
    <Config>
      <Option Name="TopModule" Val="pll"/>
      <Option Name="UseBlackboxStub" Val="1"/>
    </Config>
  </FileSet>
  <FileSet Name="utils" Type="Utils" RelSrcDir="$PSRCDIR/utils_1">
    <Filter Type="Utils"/>
    <Config>
      <Option Name="TopAutoSet" Val="TRUE"/>
    </Config>
  </FileSet>
  <Strategy Version="1" Minor="2">
    <StratHandle Name="Vivado Synthesis Defaults" Flow="Vivado Synthesis 2018"/>
    <Step Id="synth_design"/>
  </Strategy>
</GenRun>
