<?xml version="1.0" encoding="UTF-8"?>
<GenRun Id="impl_1" LaunchPart="xc7z020clg400-1" LaunchTime="1719305516">
  <File Type="BITSTR-BMM" Name="ad7606_udp_ddr3_bd.bmm"/>
  <File Type="OPT-METHODOLOGY-DRC" Name="ad7606_udp_ddr3_methodology_drc_opted.rpt"/>
  <File Type="INIT-TIMING" Name="ad7606_udp_ddr3_timing_summary_init.rpt"/>
  <File Type="ROUTE-PWR" Name="ad7606_udp_ddr3_power_routed.rpt"/>
  <File Type="PA-TCL" Name="ad7606_udp_ddr3.tcl"/>
  <File Type="OPT-TIMING" Name="ad7606_udp_ddr3_timing_summary_opted.rpt"/>
  <File Type="OPT-DCP" Name="ad7606_udp_ddr3_opt.dcp"/>
  <File Type="ROUTE-PWR-SUM" Name="ad7606_udp_ddr3_power_summary_routed.pb"/>
  <File Type="REPORTS-TCL" Name="ad7606_udp_ddr3_reports.tcl"/>
  <File Type="OPT-DRC" Name="ad7606_udp_ddr3_drc_opted.rpt"/>
  <File Type="OPT-HWDEF" Name="ad7606_udp_ddr3.hwdef"/>
  <File Type="PWROPT-DCP" Name="ad7606_udp_ddr3_pwropt.dcp"/>
  <File Type="PWROPT-DRC" Name="ad7606_udp_ddr3_drc_pwropted.rpt"/>
  <File Type="PWROPT-TIMING" Name="ad7606_udp_ddr3_timing_summary_pwropted.rpt"/>
  <File Type="PLACE-DCP" Name="ad7606_udp_ddr3_placed.dcp"/>
  <File Type="PLACE-IO" Name="ad7606_udp_ddr3_io_placed.rpt"/>
  <File Type="PLACE-CLK" Name="ad7606_udp_ddr3_clock_utilization_placed.rpt"/>
  <File Type="PLACE-UTIL" Name="ad7606_udp_ddr3_utilization_placed.rpt"/>
  <File Type="PLACE-UTIL-PB" Name="ad7606_udp_ddr3_utilization_placed.pb"/>
  <File Type="PLACE-CTRL" Name="ad7606_udp_ddr3_control_sets_placed.rpt"/>
  <File Type="PLACE-SIMILARITY" Name="ad7606_udp_ddr3_incremental_reuse_placed.rpt"/>
  <File Type="PLACE-PRE-SIMILARITY" Name="ad7606_udp_ddr3_incremental_reuse_pre_placed.rpt"/>
  <File Type="BG-BGN" Name="ad7606_udp_ddr3.bgn"/>
  <File Type="PLACE-TIMING" Name="ad7606_udp_ddr3_timing_summary_placed.rpt"/>
  <File Type="POSTPLACE-PWROPT-DCP" Name="ad7606_udp_ddr3_postplace_pwropt.dcp"/>
  <File Type="BG-BIN" Name="ad7606_udp_ddr3.bin"/>
  <File Type="POSTPLACE-PWROPT-TIMING" Name="ad7606_udp_ddr3_timing_summary_postplace_pwropted.rpt"/>
  <File Type="PHYSOPT-DCP" Name="ad7606_udp_ddr3_physopt.dcp"/>
  <File Type="PHYSOPT-DRC" Name="ad7606_udp_ddr3_drc_physopted.rpt"/>
  <File Type="BITSTR-MSK" Name="ad7606_udp_ddr3.msk"/>
  <File Type="PHYSOPT-TIMING" Name="ad7606_udp_ddr3_timing_summary_physopted.rpt"/>
  <File Type="ROUTE-ERROR-DCP" Name="ad7606_udp_ddr3_routed_error.dcp"/>
  <File Type="ROUTE-DCP" Name="ad7606_udp_ddr3_routed.dcp"/>
  <File Type="ROUTE-BLACKBOX-DCP" Name="ad7606_udp_ddr3_routed_bb.dcp"/>
  <File Type="ROUTE-DRC" Name="ad7606_udp_ddr3_drc_routed.rpt"/>
  <File Type="ROUTE-DRC-PB" Name="ad7606_udp_ddr3_drc_routed.pb"/>
  <File Type="BITSTR-LTX" Name="debug_nets.ltx"/>
  <File Type="BITSTR-LTX" Name="ad7606_udp_ddr3.ltx"/>
  <File Type="ROUTE-DRC-RPX" Name="ad7606_udp_ddr3_drc_routed.rpx"/>
  <File Type="BITSTR-MMI" Name="ad7606_udp_ddr3.mmi"/>
  <File Type="ROUTE-METHODOLOGY-DRC" Name="ad7606_udp_ddr3_methodology_drc_routed.rpt"/>
  <File Type="ROUTE-METHODOLOGY-DRC-RPX" Name="ad7606_udp_ddr3_methodology_drc_routed.rpx"/>
  <File Type="BITSTR-SYSDEF" Name="ad7606_udp_ddr3.sysdef"/>
  <File Type="ROUTE-METHODOLOGY-DRC-PB" Name="ad7606_udp_ddr3_methodology_drc_routed.pb"/>
  <File Type="ROUTE-PWR-RPX" Name="ad7606_udp_ddr3_power_routed.rpx"/>
  <File Type="ROUTE-STATUS" Name="ad7606_udp_ddr3_route_status.rpt"/>
  <File Type="ROUTE-STATUS-PB" Name="ad7606_udp_ddr3_route_status.pb"/>
  <File Type="ROUTE-TIMINGSUMMARY" Name="ad7606_udp_ddr3_timing_summary_routed.rpt"/>
  <File Type="ROUTE-TIMING-PB" Name="ad7606_udp_ddr3_timing_summary_routed.pb"/>
  <File Type="ROUTE-TIMING-RPX" Name="ad7606_udp_ddr3_timing_summary_routed.rpx"/>
  <File Type="ROUTE-SIMILARITY" Name="ad7606_udp_ddr3_incremental_reuse_routed.rpt"/>
  <File Type="ROUTE-CLK" Name="ad7606_udp_ddr3_clock_utilization_routed.rpt"/>
  <File Type="ROUTE-BUS-SKEW" Name="ad7606_udp_ddr3_bus_skew_routed.rpt"/>
  <File Type="ROUTE-BUS-SKEW-PB" Name="ad7606_udp_ddr3_bus_skew_routed.pb"/>
  <File Type="ROUTE-BUS-SKEW-RPX" Name="ad7606_udp_ddr3_bus_skew_routed.rpx"/>
  <File Type="POSTROUTE-PHYSOPT-DCP" Name="ad7606_udp_ddr3_postroute_physopt.dcp"/>
  <File Type="POSTROUTE-PHYSOPT-BLACKBOX-DCP" Name="ad7606_udp_ddr3_postroute_physopt_bb.dcp"/>
  <File Type="POSTROUTE-PHYSOPT-TIMING" Name="ad7606_udp_ddr3_timing_summary_postroute_physopted.rpt"/>
  <File Type="POSTROUTE-PHYSOPT-TIMING-PB" Name="ad7606_udp_ddr3_timing_summary_postroute_physopted.pb"/>
  <File Type="POSTROUTE-PHYSOPT-TIMING-RPX" Name="ad7606_udp_ddr3_timing_summary_postroute_physopted.rpx"/>
  <File Type="POSTROUTE-PHYSOPT-BUS-SKEW" Name="ad7606_udp_ddr3_bus_skew_postroute_physopted.rpt"/>
  <File Type="POSTROUTE-PHYSOPT-BUS-SKEW-PB" Name="ad7606_udp_ddr3_bus_skew_postroute_physopted.pb"/>
  <File Type="BG-BIT" Name="ad7606_udp_ddr3.bit"/>
  <File Type="POSTROUTE-PHYSOPT-BUS-SKEW-RPX" Name="ad7606_udp_ddr3_bus_skew_postroute_physopted.rpx"/>
  <File Type="BITSTR-RBT" Name="ad7606_udp_ddr3.rbt"/>
  <File Type="BITSTR-NKY" Name="ad7606_udp_ddr3.nky"/>
  <File Type="BG-DRC" Name="ad7606_udp_ddr3.drc"/>
  <File Type="RDI-RDI" Name="ad7606_udp_ddr3.vdi"/>
  <File Type="WBT-USG" Name="usage_statistics_webtalk.html"/>
  <FileSet Name="sources" Type="DesignSrcs" RelSrcDir="$PSRCDIR/sources_1">
    <Filter Type="Srcs"/>
    <File Path="$PSRCDIR/sources_1/bd/system/system.bd">
      <FileInfo>
        <Attr Name="ImportPath" Val="G:/01_acz702_ov5640_hp_ddr3_tft800x480_Z020/01_acz702_ov5640_hp_ddr3_tft800x480_Z020/ov5640_hp_ddr3_tft800x480.srcs/sources_1/bd/system/system.bd"/>
        <Attr Name="ImportTime" Val="1637741612"/>
        <Attr Name="UsedIn" Val="synthesis"/>
        <Attr Name="UsedIn" Val="implementation"/>
        <Attr Name="UsedIn" Val="simulation"/>
      </FileInfo>
    </File>
    <File Path="$PSRCDIR/sources_1/fifo_axi4_adapter/fifo_axi4_adapter.v">
      <FileInfo>
        <Attr Name="ImportPath" Val="G:/01_acz702_ov5640_hp_ddr3_tft800x480_Z020/01_acz702_ov5640_hp_ddr3_tft800x480_Z020/ov5640_hp_ddr3_tft800x480.srcs/sources_1/fifo_axi4_adapter/fifo_axi4_adapter.v"/>
        <Attr Name="ImportTime" Val="1632573590"/>
        <Attr Name="UsedIn" Val="synthesis"/>
        <Attr Name="UsedIn" Val="implementation"/>
        <Attr Name="UsedIn" Val="simulation"/>
      </FileInfo>
    </File>
    <File Path="$PSRCDIR/sources_1/gmii_rgmii_gmii/gmii_to_rgmii.v">
      <FileInfo>
        <Attr Name="ImportPath" Val="$PPRDIR/../../ad1030_udp_ddr3/ad1030_udp_ddr3.srcs/sources_1/gmii_rgmii_gmii/gmii_to_rgmii.v"/>
        <Attr Name="ImportTime" Val="1641782719"/>
        <Attr Name="UsedIn" Val="synthesis"/>
        <Attr Name="UsedIn" Val="implementation"/>
        <Attr Name="UsedIn" Val="simulation"/>
      </FileInfo>
    </File>
    <File Path="$PSRCDIR/sources_1/gmii_rgmii_gmii/rgmii_to_gmii.v">
      <FileInfo>
        <Attr Name="ImportPath" Val="$PPRDIR/../../ad1030_udp_ddr3/ad1030_udp_ddr3.srcs/sources_1/gmii_rgmii_gmii/rgmii_to_gmii.v"/>
        <Attr Name="ImportTime" Val="1641782343"/>
        <Attr Name="UsedIn" Val="synthesis"/>
        <Attr Name="UsedIn" Val="implementation"/>
        <Attr Name="UsedIn" Val="simulation"/>
      </FileInfo>
    </File>
    <File Path="$PSRCDIR/sources_1/bd/system/hdl/system_wrapper.v">
      <FileInfo>
        <Attr Name="ImportPath" Val="G:/01_acz702_ov5640_hp_ddr3_tft800x480_Z020/01_acz702_ov5640_hp_ddr3_tft800x480_Z020/ov5640_hp_ddr3_tft800x480.srcs/sources_1/bd/system/hdl/system_wrapper.v"/>
        <Attr Name="ImportTime" Val="1670998143"/>
        <Attr Name="UsedIn" Val="synthesis"/>
        <Attr Name="UsedIn" Val="implementation"/>
        <Attr Name="UsedIn" Val="simulation"/>
      </FileInfo>
    </File>
    <File Path="$PSRCDIR/sources_1/eth_receive_cmd/crc32_d8.v">
      <FileInfo>
        <Attr Name="ImportPath" Val="$PPRDIR/../../ad1030_udp_ddr3/ad1030_udp_ddr3.srcs/sources_1/eth_receive_cmd/crc32_d8.v"/>
        <Attr Name="ImportTime" Val="1672308085"/>
        <Attr Name="UsedIn" Val="synthesis"/>
        <Attr Name="UsedIn" Val="implementation"/>
        <Attr Name="UsedIn" Val="simulation"/>
      </FileInfo>
    </File>
    <File Path="$PSRCDIR/sources_1/eth_receive_cmd/eth_cmd.v">
      <FileInfo>
        <Attr Name="ImportPath" Val="$PPRDIR/../../ad1030_udp_ddr3/ad1030_udp_ddr3.srcs/sources_1/eth_receive_cmd/eth_cmd.v"/>
        <Attr Name="ImportTime" Val="1679388570"/>
        <Attr Name="UsedIn" Val="synthesis"/>
        <Attr Name="UsedIn" Val="implementation"/>
        <Attr Name="UsedIn" Val="simulation"/>
      </FileInfo>
    </File>
    <File Path="$PSRCDIR/sources_1/eth_receive_cmd/ip_checksum.v">
      <FileInfo>
        <Attr Name="ImportPath" Val="$PPRDIR/../../ad1030_udp_ddr3/ad1030_udp_ddr3.srcs/sources_1/eth_receive_cmd/ip_checksum.v"/>
        <Attr Name="ImportTime" Val="1672308078"/>
        <Attr Name="UsedIn" Val="synthesis"/>
        <Attr Name="UsedIn" Val="implementation"/>
        <Attr Name="UsedIn" Val="simulation"/>
      </FileInfo>
    </File>
    <File Path="$PSRCDIR/sources_1/eth_receive_cmd/cmd_rx.v">
      <FileInfo>
        <Attr Name="ImportPath" Val="$PPRDIR/../../ad1030_udp_ddr3/ad1030_udp_ddr3.srcs/sources_1/eth_receive_cmd/cmd_rx.v"/>
        <Attr Name="ImportTime" Val="1645422553"/>
        <Attr Name="UsedIn" Val="synthesis"/>
        <Attr Name="UsedIn" Val="implementation"/>
        <Attr Name="UsedIn" Val="simulation"/>
      </FileInfo>
    </File>
    <File Path="$PSRCDIR/sources_1/eth_receive_cmd/eth_udp_rx_gmii.v">
      <FileInfo>
        <Attr Name="ImportPath" Val="$PPRDIR/../../ad1030_udp_ddr3/ad1030_udp_ddr3.srcs/sources_1/eth_receive_cmd/eth_udp_rx_gmii.v"/>
        <Attr Name="ImportTime" Val="1672307952"/>
        <Attr Name="UsedIn" Val="synthesis"/>
        <Attr Name="UsedIn" Val="implementation"/>
        <Attr Name="UsedIn" Val="simulation"/>
      </FileInfo>
    </File>
    <File Path="$PSRCDIR/sources_1/eth_receive_cmd/eth_receive_cmd.v">
      <FileInfo>
        <Attr Name="ImportPath" Val="$PPRDIR/../../ad1030_udp_ddr3/ad1030_udp_ddr3.srcs/sources_1/eth_receive_cmd/eth_receive_cmd.v"/>
        <Attr Name="ImportTime" Val="1679556210"/>
        <Attr Name="UsedIn" Val="synthesis"/>
        <Attr Name="UsedIn" Val="implementation"/>
        <Attr Name="UsedIn" Val="simulation"/>
      </FileInfo>
    </File>
    <File Path="$PSRCDIR/sources_1/eth_send_data/eth_send_ctrl.v">
      <FileInfo>
        <Attr Name="ImportPath" Val="$PPRDIR/../../ad1030_udp_ddr3/ad1030_udp_ddr3.srcs/sources_1/eth_send_data/eth_send_ctrl.v"/>
        <Attr Name="ImportTime" Val="1679292027"/>
        <Attr Name="UsedIn" Val="synthesis"/>
        <Attr Name="UsedIn" Val="implementation"/>
        <Attr Name="UsedIn" Val="simulation"/>
      </FileInfo>
    </File>
    <File Path="$PSRCDIR/sources_1/state_ctrl/state_ctrl.v">
      <FileInfo>
        <Attr Name="ImportPath" Val="$PPRDIR/../../ad1030_udp_ddr3/ad1030_udp_ddr3.srcs/sources_1/state_ctrl/state_ctrl.v"/>
        <Attr Name="ImportTime" Val="1679464801"/>
        <Attr Name="UsedIn" Val="synthesis"/>
        <Attr Name="UsedIn" Val="implementation"/>
        <Attr Name="UsedIn" Val="simulation"/>
      </FileInfo>
    </File>
    <File Path="$PSRCDIR/sources_1/eth_send_data/eth_udp_tx_gmii.v">
      <FileInfo>
        <Attr Name="ImportPath" Val="$PPRDIR/../../ad1030_udp_ddr3/ad1030_udp_ddr3.srcs/sources_1/eth_send_data/eth_udp_tx_gmii.v"/>
        <Attr Name="ImportTime" Val="1672307964"/>
        <Attr Name="UsedIn" Val="synthesis"/>
        <Attr Name="UsedIn" Val="implementation"/>
        <Attr Name="UsedIn" Val="simulation"/>
      </FileInfo>
    </File>
    <File Path="$PSRCDIR/sources_1/eth_send_data/eth_send_data.v">
      <FileInfo>
        <Attr Name="ImportPath" Val="$PPRDIR/../../ad1030_udp_ddr3/ad1030_udp_ddr3.srcs/sources_1/eth_send_data/eth_send_data.v"/>
        <Attr Name="ImportTime" Val="1679556456"/>
        <Attr Name="UsedIn" Val="synthesis"/>
        <Attr Name="UsedIn" Val="implementation"/>
        <Attr Name="UsedIn" Val="simulation"/>
      </FileInfo>
    </File>
    <File Path="$PSRCDIR/sources_1/top/ad7606_udp_ddr3.v">
      <FileInfo>
        <Attr Name="UsedIn" Val="synthesis"/>
        <Attr Name="UsedIn" Val="implementation"/>
        <Attr Name="UsedIn" Val="simulation"/>
      </FileInfo>
    </File>
    <File Path="$PSRCDIR/sources_1/ad7606_ctrl/ad7606_driver.v">
      <FileInfo>
        <Attr Name="UsedIn" Val="synthesis"/>
        <Attr Name="UsedIn" Val="implementation"/>
        <Attr Name="UsedIn" Val="simulation"/>
      </FileInfo>
    </File>
    <File Path="$PSRCDIR/sources_1/fifo_axi4_adapter/axi4_to_fifo.v">
      <FileInfo>
        <Attr Name="UsedIn" Val="synthesis"/>
        <Attr Name="UsedIn" Val="implementation"/>
        <Attr Name="UsedIn" Val="simulation"/>
      </FileInfo>
    </File>
    <File Path="$PSRCDIR/sources_1/fifo_axi4_adapter/fifo_to_axi4.v">
      <FileInfo>
        <Attr Name="UsedIn" Val="synthesis"/>
        <Attr Name="UsedIn" Val="implementation"/>
        <Attr Name="UsedIn" Val="simulation"/>
      </FileInfo>
    </File>
    <Config>
      <Option Name="DesignMode" Val="RTL"/>
      <Option Name="TopModule" Val="ad7606_udp_ddr3"/>
    </Config>
  </FileSet>
  <FileSet Name="constrs_in" Type="Constrs" RelSrcDir="$PSRCDIR/constrs_1">
    <Filter Type="Constrs"/>
    <File Path="$PSRCDIR/constrs_1/new/ad7606_eth.xdc">
      <FileInfo>
        <Attr Name="UsedIn" Val="synthesis"/>
        <Attr Name="UsedIn" Val="implementation"/>
      </FileInfo>
    </File>
    <Config>
      <Option Name="ConstrsType" Val="XDC"/>
    </Config>
  </FileSet>
  <FileSet Name="utils" Type="Utils" RelSrcDir="$PSRCDIR/utils_1">
    <Filter Type="Utils"/>
    <Config>
      <Option Name="TopAutoSet" Val="TRUE"/>
    </Config>
  </FileSet>
  <Strategy Version="1" Minor="2">
    <StratHandle Name="Vivado Implementation Defaults" Flow="Vivado Implementation 2018"/>
    <Step Id="init_design"/>
    <Step Id="opt_design"/>
    <Step Id="power_opt_design"/>
    <Step Id="place_design"/>
    <Step Id="post_place_power_opt_design"/>
    <Step Id="phys_opt_design"/>
    <Step Id="route_design"/>
    <Step Id="post_route_phys_opt_design"/>
    <Step Id="write_bitstream"/>
  </Strategy>
  <BlockFileSet Type="BlockSrcs" Name="wr_ddr3_fifo"/>
  <BlockFileSet Type="BlockSrcs" Name="system_processing_system7_0_0"/>
  <BlockFileSet Type="BlockSrcs" Name="system_smartconnect_0_0"/>
  <BlockFileSet Type="BlockSrcs" Name="fifo_rx"/>
  <BlockFileSet Type="BlockSrcs" Name="fifo_tx"/>
  <BlockFileSet Type="BlockSrcs" Name="pll"/>
  <BlockFileSet Type="BlockSrcs" Name="rd_ddr3_fifo"/>
  <BlockFileSet Type="BlockSrcs" Name="mmcm"/>
</GenRun>
